{
  "Banners": {
    "Attack on Titan": {
      "age": "18+",
      "genre": "Acción, drama, fantasía oscura",
      "id": "Attack on Titan",
      "image": "https://firebasestorage.googleapis.com/v0/b/anime-center-55923.appspot.com/o/atack%20on%20titan%20wide.png?alt=media&token=58af3998-acba-4fbd-b4f6-282ac75c2305",
      "name": "Attack on Titan",
      "time": "24 min",
      "year": "2013"
    },
    "Death Note": {
      "age": "15+",
      "genre": "Suspenso, psicológico, sobrenatural",
      "id": "Death Note",
      "image": "https://firebasestorage.googleapis.com/v0/b/anime-center-55923.appspot.com/o/deathnotewide.png?alt=media&token=8eefd587-838c-4974-b394-f02333766496",
      "name": "Death Note",
      "time": "24 min",
      "year": "2006"
    },
    "Fullmetal Alchemist: Brotherhood": {
      "age": "13+",
      "genre": "Aventura, acción, fantasía",
      "id": "Fullmetal Alchemist: Brotherhood",
      "image": "https://firebasestorage.googleapis.com/v0/b/anime-center-55923.appspot.com/o/fullmetalwide.png?alt=media&token=f4019f94-c033-49a7-a05b-ec879cae7df4",
      "name": "Fullmetal Alchemist: Brotherhood",
      "time": "24 min",
      "year": "2009"
    }
  },
  "Items": [
    {
      "Casts": [
        {
          "Actor": "Junko Takeuchi",
          "PicUrl": "https://firebasestorage.googleapis.com/v0/b/anime-center-55923.appspot.com/o/JunkoTakeuchi.png?alt=media&token=ee5a99f1-eb68-4b1f-b2fc-9defb9f2bb2e"
        },
        {
          "Actor": "Chie Nakamura",
          "PicUrl": "https://firebasestorage.googleapis.com/v0/b/anime-center-55923.appspot.com/o/ChieNakamura.png?alt=media&token=c633cc97-102e-4f97-8b85-12abc4c9b314"
        },
        {
          "Actor": "Noriaki Sugiyama",
          "PicUrl": "https://firebasestorage.googleapis.com/v0/b/anime-center-55923.appspot.com/o/NoriakiSugiyama.png?alt=media&token=f3e38394-23d9-430d-a569-8cfde111c39e"
        },
        {
          "Actor": "Kazuhiko Inoue",
          "PicUrl": "https://firebasestorage.googleapis.com/v0/b/anime-center-55923.appspot.com/o/KazuhikoInoue.png?alt=media&token=cbd710a2-795e-4a82-acbf-e76077f88c32"
        }
      ],
      "Description": "Naruto sigue la historia de Naruto Uzumaki, un joven ninja que busca ser el Hokage, el líder más fuerte de su aldea. A lo largo de su viaje, enfrenta diversos desafíos y forma fuertes lazos con sus compañeros.",
      "Genre": [
        " Acción",
        "Aventura",
        "Fantasía"
      ],
      "Imdb": 8.3,
      "Poster": "https://firebasestorage.googleapis.com/v0/b/anime-center-55923.appspot.com/o/Naruto.jpg?alt=media&token=d7e2a495-f39b-418a-9153-388f9bac2bd7",
      "Time": "23 min",
      "Title": "Naruto",
      "Trailer": "https://www.youtube.com/watch?v=-G9BqkgZXRA",
      "Year": 2002
    },
    {
      "Casts": [
        {
          "Actor": "Aoi Tada",
          "PicUrl": "https://firebasestorage.googleapis.com/v0/b/anime-center-55923.appspot.com/o/MamoruMiyano.png?alt=media&token=d7f1c39a-df0e-443b-9617-3bddd8395b3f"
        },
        {
          "Actor": "Kazuya Nakai",
          "PicUrl": "https://firebasestorage.googleapis.com/v0/b/anime-center-55923.appspot.com/o/AoiTada.png?alt=media&token=f9be8619-7b60-4351-a532-0f34a42332f7"
        },
        {
          "Actor": "Akemi Okamura",
          "PicUrl": "https://firebasestorage.googleapis.com/v0/b/anime-center-55923.appspot.com/o/AkemiOkamura.png?alt=media&token=1cecde41-9fa3-43bf-98a5-59042adaaa75"
        },
        {
          "Actor": "Kappei Yamaguchi",
          "PicUrl": "https://firebasestorage.googleapis.com/v0/b/anime-center-55923.appspot.com/o/KappeiYamaguchi.png?alt=media&token=6dd0c2f7-82fe-44d6-9dce-d025a15d3c4f"
        }
      ],
      "Description": "One Piece sigue las aventuras de Monkey D. Luffy y su tripulación de piratas en su búsqueda del legendario tesoro conocido como One Piece para convertirse en el Rey de los Piratas.",
      "Genre": [
        "Aventura",
        "Fantasía"
      ],
      "Imdb": 8.9,
      "Poster": "https://firebasestorage.googleapis.com/v0/b/anime-center-55923.appspot.com/o/One%20Piece.jpg?alt=media&token=0cfb93e3-2f61-44bb-8990-cc09534d5fd2",
      "Time": "24 min",
      "Title": "One Piece",
      "Trailer": "https://www.youtube.com/watch?v=MCb13lbVGE0",
      "Year": 1999
    },
    {
      "Casts": [
        {
          "Actor": "Junya Enoki",
          "PicUrl": "https://firebasestorage.googleapis.com/v0/b/anime-center-55923.appspot.com/o/JunyaEnoki.png?alt=media&token=b122e630-5ace-47d9-b0c8-6bb528599676"
        },
        {
          "Actor": "Kenta Miyake",
          "PicUrl": "https://firebasestorage.googleapis.com/v0/b/anime-center-55923.appspot.com/o/KentaMiyake.png?alt=media&token=84ee22aa-2739-4e65-abd3-9c83344b2828"
        },
        {
          "Actor": "Nobuhiko Okamoto",
          "PicUrl": "https://firebasestorage.googleapis.com/v0/b/anime-center-55923.appspot.com/o/NobuhikoOkamoto.png?alt=media&token=c1cfefc1-ccd3-4356-8dfe-96a2ae21fabf"
        },
        {
          "Actor": "Ayane Sakura",
          "PicUrl": "https://firebasestorage.googleapis.com/v0/b/anime-center-55923.appspot.com/o/AyaneSakura.png?alt=media&token=32600aa5-5d61-40c2-a634-e08f7ec767f3"
        }
      ],
      "Description": "En un mundo donde casi todos tienen superpoderes, Izuku Midoriya, un joven sin poderes, sueña con convertirse en el héroe más grande. Con la ayuda de su ídolo All Might, ingresa a la Academia U.A. para entrenar y alcanzar su sueño.",
      "Genre": [
        "Acción",
        "Comedia",
        "Superpoderes"
      ],
      "Imdb": 8.4,
      "Poster": "https://firebasestorage.googleapis.com/v0/b/anime-center-55923.appspot.com/o/My%20Hero%20Academia.jpg?alt=media&token=1124518f-8b68-4b1f-beba-ad353ae1b763",
      "Time": "24 min",
      "Title": "My Hero Academia",
      "Trailer": "https://www.youtube.com/watch?v=T5HMoxJRhRY",
      "Year": 2016
    },
    {
      "Casts": [
        {
          "Actor": "Mamoru Miyano",
          "PicUrl": "https://firebasestorage.googleapis.com/v0/b/anime-center-55923.appspot.com/o/MamoruMiyano.png?alt=media&token=d7f1c39a-df0e-443b-9617-3bddd8395b3f"
        },
        {
          "Actor": "Asami Imai",
          "PicUrl": "https://firebasestorage.googleapis.com/v0/b/anime-center-55923.appspot.com/o/AsamiImai.png?alt=media&token=56ce1f16-7587-4898-a600-d9e8aaa875c3"
        },
        {
          "Actor": "Kana Hanazawa",
          "PicUrl": "https://firebasestorage.googleapis.com/v0/b/anime-center-55923.appspot.com/o/KanaHanazawa.png?alt=media&token=50a73e77-ee38-4b47-829d-57d29f606279"
        },
        {
          "Actor": "Tomokazu Seki",
          "PicUrl": "https://firebasestorage.googleapis.com/v0/b/anime-center-55923.appspot.com/o/TomokazuSeki.png?alt=media&token=75d2935c-14bc-4d35-a078-af31ea0aa4fd"
        }
      ],
      "Description": "Steins-Gate sigue a Rintarou Okabe, un autoproclamado científico loco, y su grupo de amigos mientras descubren y experimentan con los viajes en el tiempo, enfrentándose a las consecuencias que esto conlleva.",
      "Genre": [
        "Thriller",
        "Ciencia ficción"
      ],
      "Imdb": 8.8,
      "Poster": "https://firebasestorage.googleapis.com/v0/b/anime-center-55923.appspot.com/o/Steins-Gate.jpg?alt=media&token=3d9d3a77-fbfd-4a4d-9a21-eaf9f0ade8fb",
      "Time": "23m",
      "Title": "Steins-Gate",
      "Trailer": "https://www.youtube.com/watch?v=uMYhjVwp0Fk",
      "Year": 2011
    },
    {
      "Casts": [
        {
          "Actor": "Megumi Ogata",
          "PicUrl": "https://firebasestorage.googleapis.com/v0/b/anime-center-55923.appspot.com/o/MegumiOgata.png?alt=media&token=37107649-ad31-4bc8-84cf-152685fd70e0"
        },
        {
          "Actor": "Kotono Mitsuishi",
          "PicUrl": "https://firebasestorage.googleapis.com/v0/b/anime-center-55923.appspot.com/o/KotonoMitsuishi.png?alt=media&token=1b530632-b9f8-478d-9ed5-9a6a124af797"
        },
        {
          "Actor": "Megumi Hayashibara",
          "PicUrl": "https://firebasestorage.googleapis.com/v0/b/anime-center-55923.appspot.com/o/MegumiHayashibara.png?alt=media&token=d7fd9963-512c-49da-82b9-ed9296c950df"
        },
        {
          "Actor": "Yukio Okumura",
          "PicUrl": "https://firebasestorage.googleapis.com/v0/b/anime-center-55923.appspot.com/o/YukioOkumura.png?alt=media&token=0ab8f3f3-1ef2-4e2d-8321-b7570e8e159c"
        }
      ],
      "Description": "En un mundo postapocalíptico, los jóvenes pilotos de mechas llamados Evas luchan contra misteriosos seres conocidos como Ángeles bajo la dirección de la organización NERV.",
      "Genre": [
        "Ciencia ficción",
        "Psicológico"
      ],
      "Imdb": 8.5,
      "Poster": "https://firebasestorage.googleapis.com/v0/b/anime-center-55923.appspot.com/o/Neon%20Genesis%20Evangelion.jpg?alt=media&token=8909b290-e55a-4247-b2b5-12fa0fbd72b0",
      "Time": "23 min",
      "Title": "Neon Genesis Evangelion",
      "Trailer": "https://www.youtube.com/watch?v=3bdjDmYc8J4",
      "Year": 1995
    },
    {
      "Casts": [
        {
          "Actor": "Kōichi Yamadera",
          "PicUrl": "https://firebasestorage.googleapis.com/v0/b/anime-center-55923.appspot.com/o/KōichiYamadera.png?alt=media&token=066a7cd3-f298-416c-ab35-061788721f8a"
        },
        {
          "Actor": "Unshō Ishizuka",
          "PicUrl": "https://firebasestorage.googleapis.com/v0/b/anime-center-55923.appspot.com/o/UnshōIshizuka.png?alt=media&token=f78f4db2-2d14-449a-8e40-ad334566c317"
        },
        {
          "Actor": "Megumi Hayashibara",
          "PicUrl": "https://firebasestorage.googleapis.com/v0/b/project182-1.appspot.com/o/Romain-Duris.png?alt=media&token=50aade39-e5cb-477f-b9e2-63772cdce96b"
        },
        {
          "Actor": "Aoi Tada",
          "PicUrl": "https://firebasestorage.googleapis.com/v0/b/anime-center-55923.appspot.com/o/AoiTada.png?alt=media&token=f9be8619-7b60-4351-a532-0f34a42332f7"
        }
      ],
      "Description": "Cowboy Bebop sigue a un grupo de cazarrecompensas a bordo de la nave espacial Bebop mientras viajan por el sistema solar en busca de criminales y enfrentan su pasado.",
      "Genre": [
        "Acción",
        "Drama"
      ],
      "Imdb": 8.9,
      "Poster": "https://firebasestorage.googleapis.com/v0/b/anime-center-55923.appspot.com/o/Cowboy%20Bebop.jpg?alt=media&token=533564d9-2567-4b0f-84e0-51073edd6342",
      "Time": "24 min",
      "Title": "Cowboy Bebop",
      "Trailer": "https://www.youtube.com/watch?v=OhNwckCLzis",
      "Year": 1998
    },
    {
      "Casts": [
        {
          "Actor": "Megumi Han",
          "PicUrl": "https://firebasestorage.googleapis.com/v0/b/project182-1.appspot.com/o/Samuel-L.-Jackson.png?alt=media&token=d0ac6db1-21e8-463d-a563-b8d66de8da46"
        },
        {
          "Actor": "Mariya Ise",
          "PicUrl": "https://firebasestorage.googleapis.com/v0/b/anime-center-55923.appspot.com/o/MariyaIse.png?alt=media&token=005e1812-fc0f-4071-98ed-facc73b60c44"
        },
        {
          "Actor": "Miyuki Sawashiro",
          "PicUrl": "https://firebasestorage.googleapis.com/v0/b/anime-center-55923.appspot.com/o/MiyukiSawashiro.png?alt=media&token=e6fa5462-2206-44a1-97d4-60241b146821"
        },
        {
          "Actor": "Keiji Fujiwara",
          "PicUrl": "https://firebasestorage.googleapis.com/v0/b/anime-center-55923.appspot.com/o/KazuhikoInoue.png?alt=media&token=cbd710a2-795e-4a82-acbf-e76077f88c32"
        }
      ],
      "Description": "Hunter x Hunter narra las aventuras de Gon Freecss, un joven que quiere convertirse en Hunter para encontrar a su padre. En el camino, se hace amigo de otros aspirantes y juntos enfrentan diversos desafíos.",
      "Genre": [
        "Acción",
        "Fantasía"
      ],
      "Imdb": 9,
      "Poster": "https://firebasestorage.googleapis.com/v0/b/anime-center-55923.appspot.com/o/Hunter%20x%20Hunter.jpg?alt=media&token=6312f0e9-0e93-47a1-aa68-b720f825ed04",
      "Time": "23 min",
      "Title": "Hunter x Hunter",
      "Trailer": "https://www.youtube.com/watch?v=d6kBeJjTGnY",
      "Year": 2023
    }
  ],
  "Upcomming": [
    {
      "Casts": [
        {
          "Actor": "Junya Enoki",
          "PicUrl": "https://firebasestorage.googleapis.com/v0/b/anime-center-55923.appspot.com/o/JunyaEnoki.png?alt=media&token=b122e630-5ace-47d9-b0c8-6bb528599676"
        },
        {
          "Actor": "Megumi Han",
          "PicUrl": "https://firebasestorage.googleapis.com/v0/b/anime-center-55923.appspot.com/o/MegumiHan.png?alt=media&token=2ed3a802-2060-4c07-bb81-f34aeaf505ed"
        },
        {
          "Actor": "Taito Okura",
          "PicUrl": "https://firebasestorage.googleapis.com/v0/b/anime-center-55923.appspot.com/o/TaitoOkura.png?alt=media&token=5ad7d71d-f6a3-4c8f-9431-e1047663dcab"
        },
        {
          "Actor": "Jun Fukuyama",
          "PicUrl": "https://firebasestorage.googleapis.com/v0/b/anime-center-55923.appspot.com/o/JunFukuyama.png?alt=media&token=5e6f0aff-d8d0-4ba0-b865-68c5a5e2084a"
        }
      ],
      "Description": " Un joven y su familia se mudan a una nueva ciudad maldita por una espiral obsesiva.",
      "Genre": [
        "Action",
        "Adventure"
      ],
      "Imdb": 0,
      "Poster": "https://firebasestorage.googleapis.com/v0/b/anime-center-55923.appspot.com/o/uzumaki.jpg?alt=media&token=e9a7cf8c-6b4b-46a7-892f-ad582fe903c8",
      "Time": "24 min",
      "Title": "Uzumaki",
      "Trailer": "https://www.youtube.com/watch?v=uWF6UBz9Amc",
      "Year": 2024
    },
    {
      "Casts": [
        {
          "Actor": "Yukio Okumura",
          "PicUrl": "https://firebasestorage.googleapis.com/v0/b/project182-1.appspot.com/o/Samuel-L.-Jackson.png?alt=media&token=d0ac6db1-21e8-463d-a563-b8d66de8da46"
        },
        {
          "Actor": "Ayumu Murase",
          "PicUrl": "https://firebasestorage.googleapis.com/v0/b/anime-center-55923.appspot.com/o/AyumuMurase.png?alt=media&token=bca51982-34fb-4b4b-a091-589c875bdbe3"
        },
        {
          "Actor": "Nanako Mori",
          "PicUrl": "https://firebasestorage.googleapis.com/v0/b/project182-1.appspot.com/o/Gianni-Capaldi.png?alt=media&token=3d8b9882-c4c5-4526-be4e-db26dc2a65fe"
        },
        {
          "Actor": "Fairouz Ai",
          "PicUrl": "https://firebasestorage.googleapis.com/v0/b/anime-center-55923.appspot.com/o/FairouzAi.png?alt=media&token=6204eb99-194e-4f9d-a033-4e950d248145"
        }
      ],
      "Description": "Un hombre que sueña con convertirse en héroe se une a una fuerza especial para combatir monstruos gigantes.",
      "Genre": [
        "Acción",
        "Ciencia Ficción"
      ],
      "Imdb": 7.4,
      "Poster": "https://firebasestorage.googleapis.com/v0/b/anime-center-55923.appspot.com/o/Kaiju%20No.%208.jpg?alt=media&token=26fc1d99-feff-46a6-acbc-b02e87cbfd3b",
      "Time": "23 min",
      "Title": "Kaiju No. 8",
      "Trailer": "https://www.youtube.com/watch?v=JwF7bhvnCxI",
      "Year": 2023
    },
    {
      "Casts": [
        {
          "Actor": "Junya Enoki",
          "PicUrl": "https://firebasestorage.googleapis.com/v0/b/anime-center-55923.appspot.com/o/JunyaEnoki.png?alt=media&token=b122e630-5ace-47d9-b0c8-6bb528599676"
        },
        {
          "Actor": "Megumi Ogata",
          "PicUrl": "https://firebasestorage.googleapis.com/v0/b/anime-center-55923.appspot.com/o/MegumiOgata.png?alt=media&token=37107649-ad31-4bc8-84cf-152685fd70e0"
        },
        {
          "Actor": "Kazuya Nakai",
          "PicUrl": "https://firebasestorage.googleapis.com/v0/b/anime-center-55923.appspot.com/o/KazuyaNakai.png?alt=media&token=ce3a9ac1-350c-403b-8c42-c6fe765d9cea"
        },
        {
          "Actor": "Kenta Miyake",
          "PicUrl": "https://firebasestorage.googleapis.com/v0/b/anime-center-55923.appspot.com/o/KentaMiyake.png?alt=media&token=84ee22aa-2739-4e65-abd3-9c83344b2828"
        }
      ],
      "Description": "Un cazador débil se vuelve el más fuerte después de subir de nivel en un mundo de juego que se ha hecho realidad.",
      "Genre": [
        "Acción",
        "Fantasía",
        "Aventura"
      ],
      "Imdb": 0,
      "Poster": "https://firebasestorage.googleapis.com/v0/b/anime-center-55923.appspot.com/o/Solo%20Leveling.jpg?alt=media&token=63c9a12d-ec2f-48b7-8614-3b25d7e9e6cd",
      "Time": "no disponible",
      "Title": "Solo Leveling",
      "Trailer": "https://www.youtube.com/watch?v=YvGSK8mIlt8",
      "Year": 2024
    },
    {
      "Casts": [
        {
          "Actor": "Ayumu Murase",
          "PicUrl": "https://firebasestorage.googleapis.com/v0/b/anime-center-55923.appspot.com/o/AyumuMurase.png?alt=media&token=bca51982-34fb-4b4b-a091-589c875bdbe3"
        },
        {
          "Actor": "Kenta Miyake",
          "PicUrl": "https://firebasestorage.googleapis.com/v0/b/anime-center-55923.appspot.com/o/KentaMiyake.png?alt=media&token=84ee22aa-2739-4e65-abd3-9c83344b2828"
        },
        {
          "Actor": "Kotono Mitsuishi",
          "PicUrl": "https://firebasestorage.googleapis.com/v0/b/project182-1.appspot.com/o/Simona-Tabasco.png?alt=media&token=2817ec96-323e-4b69-a129-cfbc121159e3"
        },
        {
          "Actor": "Tomokazu Sek",
          "PicUrl": "https://firebasestorage.googleapis.com/v0/b/project182-1.appspot.com/o/Benedetta-Porcaroli.png?alt=media&token=e1038e80-48ce-43af-9346-d3073cca74df"
        }
      ],
      "Description": "Un cazador de fantasmas y una hechicera se unen a regañadientes para luchar contra espíritus malignos.",
      "Genre": [
        "Comedia",
        "Sobrenatural"
      ],
      "Imdb": 7.5,
      "Poster": "https://firebasestorage.googleapis.com/v0/b/anime-center-55923.appspot.com/o/DanDaDan.jpg?alt=media&token=2be79451-0d11-4c4b-9639-92bf7f6d03c5",
      "Time": "23 min",
      "Title": "DanDaDan",
      "Trailer": "https://www.youtube.com/watch?v=q8kdev62-L4",
      "Year": 2023
    },
    {
      "Casts": [
        {
          "Actor": "Ayane Sakura",
          "PicUrl": "https://firebasestorage.googleapis.com/v0/b/project182-1.appspot.com/o/Rebecca-Hall.png?alt=media&token=fff9a405-c20c-4704-855f-d40e4cb75ecd"
        },
        {
          "Actor": "Megumi Han",
          "PicUrl": "https://firebasestorage.googleapis.com/v0/b/project182-1.appspot.com/o/Brian-Tyree-Henry.png?alt=media&token=2dc8ae1d-cce1-4106-8cc6-5ea2a98998eb"
        },
        {
          "Actor": "Yuya Uchida",
          "PicUrl": "https://firebasestorage.googleapis.com/v0/b/project182-1.appspot.com/o/Dan-Stevens.png?alt=media&token=da50ebb6-4d3e-4e78-918e-0094cb8279d2"
        },
        {
          "Actor": "Toyonaka Toshiyuki",
          "PicUrl": "https://firebasestorage.googleapis.com/v0/b/anime-center-55923.appspot.com/o/ToyonakaToshiyuki.png?alt=media&token=fe1c9127-4280-4929-9028-357f66546aaf"
        }
      ],
      "Description": "Un grupo de aventureros exploran una mazmorra llena de monstruos y comida deliciosa.",
      "Genre": [
        "Comedia",
        "Aventura",
        "Fantasía"
      ],
      "Imdb": 8.2,
      "Poster": "https://firebasestorage.googleapis.com/v0/b/anime-center-55923.appspot.com/o/Delicious%20in%20Dungeon.jpg?alt=media&token=e8dcd701-be7e-4338-b2b6-94d8209bfbc9",
      "Time": "23 m",
      "Title": "Delicious in Dungeon",
      "Trailer": "https://www.youtube.com/watch?v=n5JEoD7keVo",
      "Year": 2023
    },
    {
      "Casts": [
        {
          "Actor": "Keiji Fujiwara",
          "PicUrl": "https://firebasestorage.googleapis.com/v0/b/project182-1.appspot.com/o/Colm-Meaney.png?alt=media&token=2650c663-7b88-47e1-941f-f0e9103ef60b"
        },
        {
          "Actor": "Jun Fukuyama",
          "PicUrl": "https://firebasestorage.googleapis.com/v0/b/anime-center-55923.appspot.com/o/JunFukuyama.png?alt=media&token=5e6f0aff-d8d0-4ba0-b865-68c5a5e2084a"
        },
        {
          "Actor": "Megumi Ogata",
          "PicUrl": "https://firebasestorage.googleapis.com/v0/b/project182-1.appspot.com/o/Jeremias-Amoore.png?alt=media&token=4bca63fb-2558-4016-a798-52cf2f25b003"
        },
        {
          "Actor": "Yuya Uchida",
          "PicUrl": "https://firebasestorage.googleapis.com/v0/b/anime-center-55923.appspot.com/o/YuyaUchida.png?alt=media&token=b3ab9f3a-b5ad-452d-a346-d1e11a0143f6"
        }
      ],
      "Description": "Un equipo de voleibol de secundaria persigue sus sueños de gloria en la cancha.",
      "Genre": [
        " Deportes",
        "Drama"
      ],
      "Imdb": 8.8,
      "Poster": "https://firebasestorage.googleapis.com/v0/b/anime-center-55923.appspot.com/o/Haikyuu!!.jpg?alt=media&token=c1d16a97-dc0b-4e96-9ab5-12afd50bb957",
      "Time": "24 min",
      "Title": "Haikyuu!!",
      "Trailer": "https://www.youtube.com/watch?v=JOGp2c7-cKc",
      "Year": 2024
    },
    {
      "Casts": [
        {
          "Actor": "Nobuhiko Okamoto",
          "PicUrl": "https://firebasestorage.googleapis.com/v0/b/anime-center-55923.appspot.com/o/NobuhikoOkamoto.png?alt=media&token=c1cfefc1-ccd3-4356-8dfe-96a2ae21fabf"
        },
        {
          "Actor": "Rin Okumura",
          "PicUrl": "https://firebasestorage.googleapis.com/v0/b/anime-center-55923.appspot.com/o/RinOkumura.png?alt=media&token=08361a44-9abd-4928-86e8-79f50f4935e7"
        },
        {
          "Actor": "Yukio Okumura",
          "PicUrl": "https://firebasestorage.googleapis.com/v0/b/anime-center-55923.appspot.com/o/YukioOkumura.png?alt=media&token=0ab8f3f3-1ef2-4e2d-8321-b7570e8e159c"
        },
        {
          "Actor": "Kazuya Nakai",
          "PicUrl": "https://firebasestorage.googleapis.com/v0/b/anime-center-55923.appspot.com/o/KazuyaNakai.png?alt=media&token=ce3a9ac1-350c-403b-8c42-c6fe765d9cea"
        }
      ],
      "Description": "Rin Okumura, hijo de Satán, continúa su lucha contra demonios junto a sus amigos exorcistas.",
      "Genre": [
        "Fantasía",
        "Sobrenatural"
      ],
      "Imdb": 7.8,
      "Poster": "https://firebasestorage.googleapis.com/v0/b/anime-center-55923.appspot.com/o/Blue%20Exorcist.jpg?alt=media&token=d9d64712-3ff0-4703-8b83-228588bd254b",
      "Time": "24 min",
      "Title": "Blue Exorcist",
      "Trailer": "https://www.youtube.com/watch?v=euE4k-wjlps",
      "Year": 2023
    }
  ]
}