{
  "project_info": {
    "project_number": "648915360853",
    "project_id": "anime-center-55923",
    "storage_bucket": "anime-center-55923.appspot.com"
  },
  "client": [
    {
      "client_info": {
        "mobilesdk_app_id": "1:648915360853:android:d6689cc9593f2b0e2548dc",
        "android_client_info": {
          "package_name": "com.example.animecenter"
        }
      },
      "oauth_client": [],
      "api_key": [
        {
          "current_key": "AIzaSyDN7-tbmm40TFYLCz0j4yfO2-w9nnkiwJk"
        }
      ],
      "services": {
        "appinvite_service": {
          "other_platform_oauth_client": []
        }
      }
    }
  ],
  "configuration_version": "1"
}